sujet,date,statut
Comment Esteban Vicente maintenait-il un équilibre subtil entre forme et couleur dans ses abstractions lyriques ?,2025-10-15T15:01:16.151569,succès
Pourquoi l'abstraction finlandaise de Carolus Enckell évoluait-elle du symbolisme vers la pure couleur ?,2025-10-17T09:38:12.812634,succès
Quelle est la méthode de consolidation par imprégnation pour stabiliser une peinture abstraite pulvérulente ?,2025-10-21T09:48:23.457402,succès
Comment les cycles de gel-dégel arctiques inspirent-elles les craquelures volontaires dans l'abstraction nordique ?,2025-10-24T09:39:54.113820,succès
Pourquoi Jack Tworkov développait-il une abstraction plus structurée que ses collègues expressionnistes ?,2025-10-28T07:36:52.314846,succès
Comment l'artiste danois Carl-Henning Pedersen créait-il ses cosmogonies abstraites fantastiques ?,2025-11-04T07:37:52.674439,succès
Pourquoi les pigments à base de cadmium noircissent-ils dans certaines conditions de conservation ?,2025-11-11T07:37:55.471067,succès
Quelle influence les motifs de navigation viking ont-ils sur l'abstraction maritime scandinave ?,2025-11-18T07:25:10.811444,succès
Comment Beauford Delaney traduisait-il la lumière et l'énergie en abstraction vibrante ?,2025-11-25T07:25:45.699549,succès
Pourquoi l'abstraction suédoise de Torsten Renqvist explorait-elle les harmoniques musicales visuelles ?,2025-12-02T07:28:11.954717,succès
Quelle est la technique de masticage pour combler les fissures dans une peinture abstraite épaisse ?,2025-12-09T07:28:25.545267,succès
